feature,feature_label,grid_value,mean_predicted_probability,n_observed_test,n_missing_test
ALSFRS_R_t0,ALSFRS-R total (baseline),29.0,0.37666675,279,0
ALSFRS_R_t0,ALSFRS-R total (baseline),29.346938775510203,0.37666675,279,0
ALSFRS_R_t0,ALSFRS-R total (baseline),29.693877551020407,0.37666675,279,0
ALSFRS_R_t0,ALSFRS-R total (baseline),30.040816326530614,0.38243994,279,0
ALSFRS_R_t0,ALSFRS-R total (baseline),30.387755102040817,0.38243994,279,0
ALSFRS_R_t0,ALSFRS-R total (baseline),30.73469387755102,0.38243994,279,0
ALSFRS_R_t0,ALSFRS-R total (baseline),31.081632653061224,0.3899762,279,0
ALSFRS_R_t0,ALSFRS-R total (baseline),31.428571428571427,0.3899762,279,0
ALSFRS_R_t0,ALSFRS-R total (baseline),31.775510204081634,0.3899762,279,0
ALSFRS_R_t0,ALSFRS-R total (baseline),32.12244897959184,0.3899762,279,0
ALSFRS_R_t0,ALSFRS-R total (baseline),32.46938775510204,0.3899762,279,0
ALSFRS_R_t0,ALSFRS-R total (baseline),32.816326530612244,0.3899762,279,0
ALSFRS_R_t0,ALSFRS-R total (baseline),33.16326530612245,0.38945585,279,0
ALSFRS_R_t0,ALSFRS-R total (baseline),33.51020408163265,0.38945585,279,0
ALSFRS_R_t0,ALSFRS-R total (baseline),33.857142857142854,0.38945585,279,0
ALSFRS_R_t0,ALSFRS-R total (baseline),34.20408163265306,0.33831686,279,0
ALSFRS_R_t0,ALSFRS-R total (baseline),34.55102040816327,0.33831686,279,0
ALSFRS_R_t0,ALSFRS-R total (baseline),34.89795918367347,0.33831686,279,0
ALSFRS_R_t0,ALSFRS-R total (baseline),35.244897959183675,0.32488465,279,0
ALSFRS_R_t0,ALSFRS-R total (baseline),35.59183673469388,0.32488465,279,0
ALSFRS_R_t0,ALSFRS-R total (baseline),35.93877551020408,0.32488465,279,0
ALSFRS_R_t0,ALSFRS-R total (baseline),36.285714285714285,0.32393473,279,0
ALSFRS_R_t0,ALSFRS-R total (baseline),36.63265306122449,0.32393473,279,0
ALSFRS_R_t0,ALSFRS-R total (baseline),36.97959183673469,0.32393473,279,0
ALSFRS_R_t0,ALSFRS-R total (baseline),37.326530612244895,0.3235552,279,0
ALSFRS_R_t0,ALSFRS-R total (baseline),37.673469387755105,0.3235552,279,0
ALSFRS_R_t0,ALSFRS-R total (baseline),38.02040816326531,0.31184113,279,0
ALSFRS_R_t0,ALSFRS-R total (baseline),38.36734693877551,0.31184113,279,0
ALSFRS_R_t0,ALSFRS-R total (baseline),38.714285714285715,0.31184113,279,0
ALSFRS_R_t0,ALSFRS-R total (baseline),39.06122448979592,0.2512032,279,0
ALSFRS_R_t0,ALSFRS-R total (baseline),39.40816326530612,0.2512032,279,0
ALSFRS_R_t0,ALSFRS-R total (baseline),39.755102040816325,0.2512032,279,0
ALSFRS_R_t0,ALSFRS-R total (baseline),40.10204081632653,0.2512032,279,0
ALSFRS_R_t0,ALSFRS-R total (baseline),40.44897959183673,0.2512032,279,0
ALSFRS_R_t0,ALSFRS-R total (baseline),40.79591836734694,0.2512032,279,0
ALSFRS_R_t0,ALSFRS-R total (baseline),41.14285714285714,0.25067714,279,0
ALSFRS_R_t0,ALSFRS-R total (baseline),41.48979591836735,0.25067714,279,0
ALSFRS_R_t0,ALSFRS-R total (baseline),41.83673469387755,0.25067714,279,0
ALSFRS_R_t0,ALSFRS-R total (baseline),42.183673469387756,0.24854062,279,0
ALSFRS_R_t0,ALSFRS-R total (baseline),42.53061224489796,0.24854062,279,0
ALSFRS_R_t0,ALSFRS-R total (baseline),42.87755102040816,0.24854062,279,0
ALSFRS_R_t0,ALSFRS-R total (baseline),43.224489795918366,0.24254441,279,0
ALSFRS_R_t0,ALSFRS-R total (baseline),43.57142857142857,0.24254441,279,0
ALSFRS_R_t0,ALSFRS-R total (baseline),43.91836734693877,0.24254441,279,0
ALSFRS_R_t0,ALSFRS-R total (baseline),44.265306122448976,0.20457806,279,0
ALSFRS_R_t0,ALSFRS-R total (baseline),44.61224489795919,0.20457806,279,0
ALSFRS_R_t0,ALSFRS-R total (baseline),44.95918367346939,0.20457806,279,0
ALSFRS_R_t0,ALSFRS-R total (baseline),45.30612244897959,0.1951978,279,0
ALSFRS_R_t0,ALSFRS-R total (baseline),45.6530612244898,0.1951978,279,0
ALSFRS_R_t0,ALSFRS-R total (baseline),46.0,0.18858752,279,0
FVC_Liters_best_t0,FVC (litres),1.921,0.29398933,162,117
FVC_Liters_best_t0,FVC (litres),1.987,0.29398933,162,117
FVC_Liters_best_t0,FVC (litres),2.053,0.29398933,162,117
FVC_Liters_best_t0,FVC (litres),2.1189999999999998,0.29125112,162,117
FVC_Liters_best_t0,FVC (litres),2.185,0.29125112,162,117
FVC_Liters_best_t0,FVC (litres),2.251,0.28789276,162,117
FVC_Liters_best_t0,FVC (litres),2.3169999999999997,0.28789276,162,117
FVC_Liters_best_t0,FVC (litres),2.383,0.28789276,162,117
FVC_Liters_best_t0,FVC (litres),2.449,0.28789276,162,117
FVC_Liters_best_t0,FVC (litres),2.5149999999999997,0.28789276,162,117
FVC_Liters_best_t0,FVC (litres),2.5809999999999995,0.28789276,162,117
FVC_Liters_best_t0,FVC (litres),2.647,0.28933635,162,117
FVC_Liters_best_t0,FVC (litres),2.7129999999999996,0.28933635,162,117
FVC_Liters_best_t0,FVC (litres),2.779,0.28993976,162,117
FVC_Liters_best_t0,FVC (litres),2.8449999999999998,0.2915174,162,117
FVC_Liters_best_t0,FVC (litres),2.9109999999999996,0.3007364,162,117
FVC_Liters_best_t0,FVC (litres),2.9769999999999994,0.3007364,162,117
FVC_Liters_best_t0,FVC (litres),3.0429999999999997,0.29966766,162,117
FVC_Liters_best_t0,FVC (litres),3.1089999999999995,0.29966766,162,117
FVC_Liters_best_t0,FVC (litres),3.175,0.29966766,162,117
FVC_Liters_best_t0,FVC (litres),3.2409999999999997,0.2988644,162,117
FVC_Liters_best_t0,FVC (litres),3.3069999999999995,0.2988644,162,117
FVC_Liters_best_t0,FVC (litres),3.3729999999999993,0.3001316,162,117
FVC_Liters_best_t0,FVC (litres),3.438999999999999,0.3001316,162,117
FVC_Liters_best_t0,FVC (litres),3.5049999999999994,0.29815432,162,117
FVC_Liters_best_t0,FVC (litres),3.5709999999999997,0.29043013,162,117
FVC_Liters_best_t0,FVC (litres),3.6369999999999996,0.28575572,162,117
FVC_Liters_best_t0,FVC (litres),3.7029999999999994,0.27716452,162,117
FVC_Liters_best_t0,FVC (litres),3.7689999999999992,0.27677405,162,117
FVC_Liters_best_t0,FVC (litres),3.834999999999999,0.27677405,162,117
FVC_Liters_best_t0,FVC (litres),3.9009999999999994,0.24495497,162,117
FVC_Liters_best_t0,FVC (litres),3.9669999999999996,0.22397009,162,117
FVC_Liters_best_t0,FVC (litres),4.0329999999999995,0.22360747,162,117
FVC_Liters_best_t0,FVC (litres),4.098999999999999,0.22278193,162,117
FVC_Liters_best_t0,FVC (litres),4.164999999999999,0.22278193,162,117
FVC_Liters_best_t0,FVC (litres),4.230999999999999,0.22082934,162,117
FVC_Liters_best_t0,FVC (litres),4.296999999999999,0.22082934,162,117
FVC_Liters_best_t0,FVC (litres),4.3629999999999995,0.22082934,162,117
FVC_Liters_best_t0,FVC (litres),4.428999999999999,0.22082934,162,117
FVC_Liters_best_t0,FVC (litres),4.494999999999999,0.22082934,162,117
FVC_Liters_best_t0,FVC (litres),4.560999999999999,0.22082934,162,117
FVC_Liters_best_t0,FVC (litres),4.626999999999999,0.22082934,162,117
FVC_Liters_best_t0,FVC (litres),4.692999999999999,0.22082934,162,117
FVC_Liters_best_t0,FVC (litres),4.758999999999999,0.22027284,162,117
FVC_Liters_best_t0,FVC (litres),4.824999999999999,0.22027284,162,117
FVC_Liters_best_t0,FVC (litres),4.890999999999999,0.22027284,162,117
FVC_Liters_best_t0,FVC (litres),4.956999999999999,0.22027284,162,117
FVC_Liters_best_t0,FVC (litres),5.022999999999999,0.22027284,162,117
FVC_Liters_best_t0,FVC (litres),5.088999999999999,0.22027284,162,117
FVC_Liters_best_t0,FVC (litres),5.154999999999999,0.22027284,162,117
Age,Age,36.0,0.19297384,246,33
Age,Age,36.775510204081634,0.19297384,246,33
Age,Age,37.55102040816327,0.19644515,246,33
Age,Age,38.326530612244895,0.19943048,246,33
Age,Age,39.10204081632653,0.202287,246,33
Age,Age,39.87755102040816,0.202287,246,33
Age,Age,40.6530612244898,0.2028743,246,33
Age,Age,41.42857142857143,0.20343839,246,33
Age,Age,42.20408163265306,0.21153934,246,33
Age,Age,42.97959183673469,0.21153934,246,33
Age,Age,43.755102040816325,0.2773459,246,33
Age,Age,44.53061224489796,0.28271163,246,33
Age,Age,45.30612244897959,0.2835947,246,33
Age,Age,46.08163265306122,0.2835947,246,33
Age,Age,46.85714285714286,0.2835947,246,33
Age,Age,47.63265306122449,0.28861412,246,33
Age,Age,48.40816326530612,0.2894076,246,33
Age,Age,49.183673469387756,0.2885054,246,33
Age,Age,49.95918367346938,0.2885054,246,33
Age,Age,50.734693877551024,0.2885054,246,33
Age,Age,51.51020408163265,0.28957218,246,33
Age,Age,52.285714285714285,0.29139113,246,33
Age,Age,53.06122448979592,0.29152185,246,33
Age,Age,53.836734693877546,0.29152185,246,33
Age,Age,54.61224489795919,0.2910755,246,33
Age,Age,55.38775510204081,0.29239964,246,33
Age,Age,56.16326530612245,0.29239964,246,33
Age,Age,56.93877551020408,0.29239964,246,33
Age,Age,57.714285714285715,0.29204482,246,33
Age,Age,58.48979591836735,0.29744545,246,33
Age,Age,59.265306122448976,0.29675817,246,33
Age,Age,60.04081632653061,0.2957108,246,33
Age,Age,60.816326530612244,0.2957108,246,33
Age,Age,61.59183673469388,0.29373175,246,33
Age,Age,62.36734693877551,0.29433718,246,33
Age,Age,63.14285714285714,0.29355848,246,33
Age,Age,63.91836734693877,0.29355848,246,33
Age,Age,64.6938775510204,0.29382643,246,33
Age,Age,65.46938775510205,0.29304597,246,33
Age,Age,66.24489795918367,0.29321516,246,33
Age,Age,67.0204081632653,0.2915616,246,33
Age,Age,67.79591836734694,0.2915616,246,33
Age,Age,68.57142857142857,0.2915616,246,33
Age,Age,69.34693877551021,0.2915616,246,33
Age,Age,70.12244897959184,0.2915616,246,33
Age,Age,70.89795918367346,0.2915616,246,33
Age,Age,71.67346938775509,0.2915616,246,33
Age,Age,72.44897959183673,0.2915616,246,33
Age,Age,73.22448979591837,0.2915616,246,33
Age,Age,74.0,0.2915616,246,33
